ID,Date,URL,Name,Venue,Leader,Next,,9
73907722,02. Jan. 26,https://cuescore.com/tournament/KAVAL+HC+-+02.01.2026/73907722,KAVAL HC - 02.01.2026,Biljardnica Kaval,Tomaž Varvaris,Tomi Bratina,,
74445151,05. Jan. 26,https://cuescore.com/tournament/OSMICA+HC+-+5.1.2025/74445151,OSMICA HC - 5.1.2025,Plac,Vuk Strugar,Vuk Strugar,,
74383342,09. Jan. 26,https://cuescore.com/tournament/KAVAL+HC+-+09.01.2026/74383342,KAVAL HC - 09.01.2026,Biljardnica Kaval,Tomaž Varvaris,Tomaž Varvaris,,
74710324,12. Jan. 26,https://cuescore.com/tournament/OSMICA+HC+-+12.1.2025/74710324,OSMICA HC - 12.1.2025,Plac,Vuk Strugar,Vuk Strugar,,
74598730,16. Jan. 26,https://cuescore.com/tournament/Kaval+HC++16.01.2026/74598730,Kaval HC  16.01.2026,Biljardnica Kaval,Tomi Bratina,Tomi Bratina,,
75035566,19. Jan. 26,https://cuescore.com/tournament/OSMICA+HC+-+19.1.2025/75035566,OSMICA HC - 19.1.2025,Plac,Blaž Kolenc,Blaž Kolenc,,
74827135,23. Jan. 26,https://cuescore.com/tournament/Kaval+HC++23.01.2026/74827135,Kaval HC  23.01.2026,Biljardnica Kaval,Tomaž Varvaris,Tomaž Varvaris,,
75387574,26. Jan. 26,https://cuescore.com/tournament/OSMICA+HC+-+26.1.2025/75387574,OSMICA HC - 26.1.2025,Plac,Vuk Strugar,Vuk Strugar,,
75407215,30. Jan. 26,https://cuescore.com/tournament/Kaval+HC++30.01.2026/75407215,Kaval HC  30.01.2026,Biljardnica Kaval,Tomaž Varvaris,Tomi Bratina,,
75747166,02. Feb. 26,https://cuescore.com/tournament/OSMICA+HC+-+2.2.2026/75747166,OSMICA HC - 2.2.2026,Plac,Vuk Strugar,Vuk Strugar,,
75445438,06. Feb. 26,https://cuescore.com/tournament/HC++06.02.2026/75445438,HC  06.02.2026,Biljardnica Kaval,Tomi Bratina,Tomi Bratina,,
76087333,09. Feb. 26,https://cuescore.com/tournament/OSMICA+HC+-+9.2.2026/76087333,OSMICA HC - 9.2.2026,Plac,Vuk Strugar,Vuk Strugar,,
76157941,13. Feb. 26,https://cuescore.com/tournament/KAVAL+HC++13.02.2026/76157941,KAVAL HC  13.02.2026,Biljardnica Kaval,Tomi Bratina,Tomi Bratina,,
76415509,16. Feb. 26,https://cuescore.com/tournament/OSMICA+HC+-+16.2.2026/76415509,OSMICA HC - 16.2.2026,Plac,Jan Slejko Ljubišič,Tomi Bratina,,
76445590,20. Feb. 26,https://cuescore.com/tournament/KAVAL+HC++20.02.2026/76445590,KAVAL HC  20.02.2026,Biljardnica Kaval,Tomaž Varvaris,Tomi Bratina,,
77267257,24. Feb. 26,https://cuescore.com/tournament/KAVAL+HC+Torek+24.02.2026/77267257,KAVAL HC Torek 24.02.2026,Biljardnica Kaval,Tomaž Varvaris,Tomi Bratina,,
77630956,02. Mar. 26,https://cuescore.com/tournament/OSMICA+HC+-+2.3.2026/77630956,OSMICA HC - 2.3.2026,Plac,Blaž Kolenc,Blaž Kolenc,,
77341630,03. Mar. 26,https://cuescore.com/tournament/KAVAL+HC+Torek+03.03.2026/77341630,KAVAL HC Torek 03.03.2026,Biljardnica Kaval,Tomaž Varvaris,Tomaž Varvaris,,
78049858,09. Mar. 26,https://cuescore.com/tournament/OSMICA+HC+-+9.3.2026/78049858,OSMICA HC - 9.3.2026,Plac,Blaž Kolenc,Blaž Kolenc,,
77703166,10. Mar. 26,https://cuescore.com/tournament/KAVAL+HC+Torek+10.03.2026/77703166,KAVAL HC Torek 10.03.2026,Biljardnica Kaval,Tomaž Varvaris,Tomi Bratina,,
78634822,16. Mar. 26,https://cuescore.com/tournament/OSMICA+HC+-+16.3.2026/78634822,OSMICA HC - 16.3.2026,Plac,Blaž Kolenc,Blaž Kolenc,,
78107296,17. Mar. 26,https://cuescore.com/tournament/KAVAL+HC+Torek+17.03.2026/78107296,KAVAL HC Torek 17.03.2026,Biljardnica Kaval,Tomaž Varvaris,Tomi Bratina,,
78963418,23. Mar. 26,https://cuescore.com/tournament/OSMICA+HC+-+23.3.2026/78963418,OSMICA HC - 23.3.2026,Plac,Vuk Strugar,Blaž Kolenc,,
78690289,24. Mar. 26,https://cuescore.com/tournament/KAVAL+HC+Torek+24.03.2026/78690289,KAVAL HC Torek 24.03.2026,Biljardnica Kaval,Tomaž Varvaris,--other---,,
79387576,30. Mar. 26,https://cuescore.com/tournament/OSMICA+HC+-+30.3.2026/79387576,OSMICA HC - 30.3.2026,Plac,Vuk Strugar,Blaž Kolenc,,
78698512,31. Mar. 26,https://cuescore.com/tournament/KAVAL+HC+Torek+31.03.2026/78698512,KAVAL HC Torek 31.03.2026,Biljardnica Kaval,Tomaž Varvaris,Tomi Bratina,,
78963418,23. Mar. 26,https://cuescore.com/tournament/OSMICA+HC+-+23.3.2026/78963418,OSMICA HC - 23.3.2026,Plac,Vuk Strugar,--other---,,
79750156,06. Apr. 26,https://cuescore.com/tournament/OSMICA+HC+-+06.04.2026/79750156,OSMICA HC - 06.04.2026,Plac,Tomi Bratina,Tomi Bratina,,
79464280,07. Apr. 26,https://cuescore.com/tournament/KAVAL+HC+Torek+07.04.2026/79464280,KAVAL HC Torek 07.04.2026,Biljardnica Kaval,Tomaž Varvaris,Tomi Bratina,,
80130388,13. Apr. 26,https://cuescore.com/tournament/OSMICA+HC+-+13.04.2026/80130388,OSMICA HC - 13.04.2026,Plac,Vuk Strugar,Blaž Kolenc,,
79464301,14. Apr. 26,https://cuescore.com/tournament/KAVAL+HC+Torek+14.04.2026/79464301,KAVAL HC Torek 14.04.2026,Biljardnica Kaval,Tomaž Varvaris,Tomi Bratina,,
80422765,20. Apr. 26,https://cuescore.com/tournament/OSMICA+HC+-+20.04.2026/80422765,OSMICA HC - 20.04.2026,Plac,Vuk Strugar,Vuk Strugar,,
80452273,21. Apr. 26,https://cuescore.com/tournament/KAVAL+HC+Torek+21.04.2026/80452273,KAVAL HC Torek 21.04.2026,Biljardnica Kaval,Tomaž Varvaris,Tomi Bratina,,
80741860,27. Apr. 26,https://cuescore.com/tournament/OSMICA+HC+-+27.04.2026/80741860,OSMICA HC - 27.04.2026,Plac,Blaž Kolenc,Blaž Kolenc,,
80482549,28. Apr. 26,https://cuescore.com/tournament/KAVAL+HC+Torek+28.04.2026/80482549,KAVAL HC Torek 28.04.2026,Biljardnica Kaval,Tomaž Varvaris,Tomi Bratina,,
81082615,04. May. 26,https://cuescore.com/tournament/OSMICA+HC+-+4.5.2026/81082615,OSMICA HC - 4.5.2026,Plac,Vuk Strugar,Tomi Bratina,,
80795032,05. May. 26,https://cuescore.com/tournament/KAVAL+HC+Torek+05.05.2026/80795032,KAVAL HC Torek 05.05.2026,Biljardnica Kaval,Tomaž Varvaris,Tomaž Varvaris,,
81500899,11. May. 26,https://cuescore.com/tournament/OSMICA+HC+-+11.5.2026/81500899,OSMICA HC - 11.5.2026,Plac,Vuk Strugar,Vuk Strugar,,
81170560,12. May. 26,https://cuescore.com/tournament/KAVAL+HC+Torek+12.05.2026/81170560,KAVAL HC Torek 12.05.2026,Biljardnica Kaval,Tomaž Varvaris,Tomaž Varvaris,,
81824335,18. May. 26,https://cuescore.com/tournament/OSMICA+HC+-+18.5.2026/81824335,OSMICA HC - 18.5.2026,Plac,Vuk Strugar,Vuk Strugar,,
81824692,19. May. 26,https://cuescore.com/tournament/KAVAL+HC+Torek+19.05.2026/81824692,KAVAL HC Torek 19.05.2026,Biljardnica Kaval,Tomaž Varvaris,Tomaž Varvaris,,
82316083,25. May. 26,https://cuescore.com/tournament/OSMICA+HC+-+25.5.2026/82316083,OSMICA HC - 25.5.2026,Plac,Vuk Strugar,Vuk Strugar,,
81824845,26. May. 26,https://cuescore.com/tournament/KAVAL+HC+Torek+26.05.2026/81824845,KAVAL HC Torek 26.05.2026,Biljardnica Kaval,Tomaž Varvaris,Tomaž Varvaris,,
82626382,01. Jun. 26,https://cuescore.com/tournament/OSMICA+HC+-+1.6.2026/82626382,OSMICA HC - 1.6.2026,Plac,Vuk Strugar,Vuk Strugar,,
82399141,02. Jun. 26,https://cuescore.com/tournament/KAVAL+HC+Torek+02.06.2026/82399141,KAVAL HC Torek 02.06.2026,Biljardnica Kaval,Tomaž Varvaris,Maya,,